Tanggal,Rata-rata Harga
2022/01/01,Rp 13.209
2022/01/02,Rp 13.209
2022/01/03,Rp 13.205
2022/01/04,Rp 13.205
2022/01/05,Rp 13.145
2022/01/06,Rp 13.150
2022/01/07,Rp 13.159
2022/01/08,Rp 13.159
2022/01/09,Rp 13.159
2022/01/10,Rp 13.073
2022/01/11,Rp 13.164
2022/01/12,Rp 13.168
2022/01/13,Rp 13.177
2022/01/14,Rp 13.168
2022/01/17,Rp 10.577
2022/01/18,Rp 13.182
2022/01/19,Rp 13.173
2022/01/20,Rp 13.182
2022/01/21,Rp 13.191
2022/01/22,Rp 13.191
2022/01/24,Rp 10.586
2022/01/25,Rp 13.186
2022/01/26,Rp 13.186
2022/01/27,Rp 13.186
2022/01/28,Rp 13.186
2022/01/29,Rp 13.186
2022/01/30,Rp 13.186
2022/01/31,Rp 13.186
2022/02/01,Rp 11.000
2022/02/02,Rp 10.582
2022/02/03,Rp 13.191
2022/02/04,Rp 13.191
2022/02/05,Rp 13.191
2022/02/06,Rp 13.191
2022/02/07,Rp 13.191
2022/02/08,Rp 13.195
2022/02/09,Rp 13.195
2022/02/10,Rp 13.191
2022/02/11,Rp 13.191
2022/02/12,Rp 13.191
2022/02/13,Rp 13.191
2022/02/14,Rp 13.191
2022/02/15,Rp 13.191
2022/02/16,Rp 13.191
2022/02/17,Rp 13.191
2022/02/18,Rp 13.186
2022/02/21,Rp 10.614
2022/02/22,Rp 13.191
2022/02/23,Rp 13.191
2022/02/24,Rp 13.191
2022/02/25,Rp 13.191
2022/02/26,Rp 13.191
2022/02/27,Rp 13.191
2022/02/28,Rp 13.191
2022/03/02,Rp 13.191
2022/03/04,Rp 10.609
2022/03/05,Rp 13.191
2022/03/06,Rp 13.191
2022/03/07,Rp 13.191
2022/03/08,Rp 13.191
2022/03/09,Rp 13.186
2022/03/10,Rp 13.191
2022/03/11,Rp 13.195
2022/03/12,Rp 13.195
2022/03/13,Rp 13.195
2022/03/14,Rp 13.195
2022/03/15,Rp 13.205
2022/03/16,Rp 13.205
2022/03/17,Rp 13.073
2022/03/18,Rp 12.764
2022/03/21,Rp 10.591
2022/03/22,Rp 13.195
2022/03/23,Rp 13.195
2022/03/24,Rp 13.195
2022/03/25,Rp 13.205
2022/03/26,Rp 13.205
2022/03/27,Rp 13.205
2022/03/28,Rp 13.200
2022/03/29,Rp 13.200
2022/03/30,Rp 13.200
2022/03/31,Rp 13.200
2022/04/01,Rp 13.200
2022/04/02,Rp 13.200
2022/04/03,Rp 13.200
2022/04/04,Rp 13.214
2022/04/05,Rp 13.200
2022/04/06,Rp 13.195
2022/04/07,Rp 13.200
2022/04/08,Rp 13.200
2022/04/09,Rp 13.200
2022/04/10,Rp 13.200
2022/04/11,Rp 13.191
2022/04/12,Rp 13.200
2022/04/13,Rp 13.195
2022/04/14,Rp 13.195
2022/04/15,Rp 12.625
2022/04/18,Rp 10.559
2022/04/19,Rp 13.182
2022/04/20,Rp 13.182
2022/04/21,Rp 13.182
2022/04/22,Rp 13.182
2022/04/25,Rp 10.541
2022/04/26,Rp 13.186
2022/04/27,Rp 13.264
2022/04/28,Rp 13.259
2022/04/29,Rp 13.600
2022/04/30,Rp 13.600
2022/05/04,Rp 13.750
2022/05/05,Rp 12.350
2022/05/06,Rp 12.350
2022/05/07,Rp 12.350
2022/05/09,Rp 10.550
2022/05/10,Rp 13.182
2022/05/11,Rp 13.182
2022/05/12,Rp 13.182
2022/05/13,Rp 13.177
2022/05/14,Rp 13.177
2022/05/16,Rp 13.750
2022/05/17,Rp 10.550
2022/05/18,Rp 13.177
2022/05/19,Rp 13.186
2022/05/20,Rp 13.186
2022/05/21,Rp 13.186
2022/05/22,Rp 13.186
2022/05/23,Rp 13.186
2022/05/24,Rp 13.186
2022/05/25,Rp 13.200
2022/05/27,Rp 10.518
2022/05/28,Rp 13.186
2022/05/29,Rp 13.186
2022/05/30,Rp 13.186
2022/05/31,Rp 13.186
2022/06/02,Rp 10.518
2022/06/03,Rp 13.177
2022/06/04,Rp 13.177
2022/06/05,Rp 13.177
2022/06/06,Rp 13.177
2022/06/07,Rp 13.177
2022/06/08,Rp 13.177
2022/06/09,Rp 13.173
2022/06/10,Rp 13.177
2022/06/11,Rp 13.177
2022/06/12,Rp 13.177
2022/06/13,Rp 13.173
2022/06/14,Rp 13.177
2022/06/15,Rp 13.186
2022/06/16,Rp 13.177
2022/06/17,Rp 13.177
2022/06/18,Rp 13.177
2022/06/20,Rp 10.505
2022/06/21,Rp 13.145
2022/06/22,Rp 13.173
2022/06/23,Rp 13.173
2022/06/24,Rp 13.173
2022/06/27,Rp 10.523
2022/06/28,Rp 13.241
2022/06/29,Rp 13.173
2022/06/30,Rp 13.173
2022/07/02,Rp 13.177
2022/07/03,Rp 13.177
2022/07/04,Rp 13.177
2022/07/05,Rp 13.182
2022/07/06,Rp 13.191
2022/07/07,Rp 13.168
2022/07/08,Rp 13.182
2022/07/09,Rp 13.182
2022/07/10,Rp 13.182
2022/07/11,Rp 13.182
2022/07/12,Rp 13.227
2022/07/13,Rp 13.182
2022/07/14,Rp 13.182
2022/07/15,Rp 13.232
2022/07/18,Rp 10.518
2022/07/19,Rp 13.182
2022/07/20,Rp 13.195
2022/07/21,Rp 13.195
2022/07/22,Rp 13.236
2022/07/25,Rp 10.532
2022/07/26,Rp 13.223
2022/07/27,Rp 13.223
2022/07/28,Rp 13.223
2022/07/29,Rp 13.236
2022/07/30,Rp 13.236
2022/07/31,Rp 13.236
2022/08/01,Rp 13.236
2022/08/02,Rp 13.236
2022/08/03,Rp 13.241
2022/08/04,Rp 13.250
2022/08/05,Rp 13.250
2022/08/06,Rp 13.250
2022/08/07,Rp 13.250
2022/08/08,Rp 13.264
2022/08/09,Rp 13.195
2022/08/10,Rp 13.264
2022/08/11,Rp 13.268
2022/08/12,Rp 13.277
2022/08/13,Rp 13.277
2022/08/14,Rp 13.277
2022/08/15,Rp 13.291
2022/08/16,Rp 13.300
2022/08/17,Rp 11.767
2022/08/18,Rp 10.623
2022/08/19,Rp 13.318
2022/08/22,Rp 10.655
2022/08/23,Rp 13.282
2022/08/24,Rp 13.300
2022/08/25,Rp 13.323
2022/08/26,Rp 13.336
2022/08/27,Rp 13.336
2022/08/28,Rp 13.336
2022/08/29,Rp 13.295
2022/08/30,Rp 13.345
2022/08/31,Rp 13.359
2022/09/01,Rp 13.359
2022/09/02,Rp 13.377
2022/09/03,Rp 13.377
2022/09/04,Rp 13.377
2022/09/05,Rp 13.395
2022/09/06,Rp 13.305
2022/09/07,Rp 13.400
2022/09/08,Rp 13.418
2022/09/09,Rp 13.441
2022/09/10,Rp 13.441
2022/09/11,Rp 13.441
2022/09/12,Rp 13.455
2022/09/13,Rp 13.432
2022/09/14,Rp 13.518
2022/09/15,Rp 13.527
2022/09/16,Rp 13.532
2022/09/19,Rp 10.800
2022/09/20,Rp 13.464
2022/09/21,Rp 13.541
2022/09/22,Rp 13.555
2022/09/23,Rp 13.555
2022/09/26,Rp 10.823
2022/09/27,Rp 13.505
2022/09/28,Rp 13.586
2022/09/29,Rp 13.591
2022/09/30,Rp 13.600
2022/10/02,Rp 13.600
2022/10/03,Rp 13.632
2022/10/04,Rp 13.650
2022/10/05,Rp 13.650
2022/10/06,Rp 13.655
2022/10/07,Rp 13.655
2022/10/08,Rp 13.655
2022/10/09,Rp 13.655
2022/10/10,Rp 13.659
2022/10/11,Rp 13.659
2022/10/12,Rp 13.659
2022/10/13,Rp 13.659
2022/10/14,Rp 13.659
2022/10/15,Rp 13.659
2022/10/17,Rp 10.900
2022/10/18,Rp 13.668
2022/10/19,Rp 13.668
2022/10/20,Rp 13.668
2022/10/21,Rp 13.673
2022/10/22,Rp 13.673
2022/10/24,Rp 10.923
2022/10/25,Rp 13.691
2022/10/26,Rp 13.691
2022/10/27,Rp 13.709
2022/10/28,Rp 13.705
2022/10/29,Rp 13.705
2022/10/30,Rp 13.705
2022/10/31,Rp 13.727
2022/11/01,Rp 13.714
2022/11/02,Rp 13.714
2022/11/03,Rp 13.718
2022/11/04,Rp 13.723
2022/11/05,Rp 13.727
2022/11/06,Rp 13.727
2022/11/07,Rp 13.727
2022/11/08,Rp 13.727
2022/11/09,Rp 13.755
2022/11/10,Rp 13.782
2022/11/11,Rp 13.755
2022/11/12,Rp 13.755
2022/11/13,Rp 13.755
2022/11/14,Rp 13.759
2022/11/15,Rp 13.759
2022/11/16,Rp 13.773
2022/11/17,Rp 13.795
2022/11/18,Rp 13.800
2022/11/19,Rp 13.800
2022/11/20,Rp 13.800
2022/11/21,Rp 13.814
2022/11/22,Rp 13.814
2022/11/23,Rp 13.818
2022/11/24,Rp 13.814
2022/11/25,Rp 13.823
2022/11/26,Rp 13.823
2022/11/27,Rp 13.823
2022/11/28,Rp 13.832
2022/11/29,Rp 13.877
2022/11/30,Rp 13.891
2022/12/03,Rp 13.900
2022/12/04,Rp 13.900
2022/12/05,Rp 13.900
2022/12/06,Rp 13.905
2022/12/07,Rp 13.923
2022/12/08,Rp 13.927
2022/12/09,Rp 13.941
2022/12/10,Rp 13.941
2022/12/11,Rp 13.941
2022/12/13,Rp 13.986
2022/12/14,Rp 14.005
2022/12/15,Rp 13.133
2022/12/16,Rp 14.014
2022/12/17,Rp 14.014
2022/12/18,Rp 14.014
2022/12/19,Rp 14.018
2022/12/20,Rp 14.014
2022/12/21,Rp 14.041
2022/12/22,Rp 14.041
2022/12/23,Rp 14.059
2022/12/26,Rp 11.395
2022/12/27,Rp 13.995
2022/12/28,Rp 14.091
2022/12/29,Rp 14.095
2022/12/30,Rp 14.109
2022/12/31,Rp 14.109
2023/01/01,Rp 14.109
2023/01/02,Rp 14.123
2023/01/03,Rp 14.127
2023/01/04,Rp 14.141
2023/01/05,Rp 14.145
2023/01/06,Rp 14.200
2023/01/07,Rp 14.200
2023/01/08,Rp 14.200
2023/01/09,Rp 14.223
2023/01/10,Rp 14.236
2023/01/11,Rp 14.250
2023/01/12,Rp 14.236
2023/01/13,Rp 14.236
2023/01/14,Rp 14.236
2023/01/15,Rp 14.236
2023/01/16,Rp 14.241
2023/01/17,Rp 14.245
2023/01/18,Rp 14.295
2023/01/19,Rp 14.264
2023/01/20,Rp 14.314
2023/01/21,Rp 14.314
2023/01/22,Rp 14.314
2023/01/23,Rp 14.327
2023/01/24,Rp 14.217
2023/01/25,Rp 14.242
2023/01/26,Rp 14.271
2023/01/27,Rp 14.271
2023/01/28,Rp 14.271
2023/01/29,Rp 14.271
2023/01/30,Rp 14.386
2023/01/31,Rp 14.283
2023/02/01,Rp 14.300
2023/02/02,Rp 14.300
2023/02/03,Rp 14.312
2023/02/04,Rp 14.312
2023/02/05,Rp 14.312
2023/02/06,Rp 14.329
2023/02/07,Rp 14.338
2023/02/08,Rp 14.375
2023/02/09,Rp 14.383
2023/02/10,Rp 14.396
2023/02/11,Rp 14.396
2023/02/12,Rp 14.396
2023/02/13,Rp 14.404
2023/02/14,Rp 14.433
2023/02/15,Rp 14.438
2023/02/16,Rp 14.446
2023/02/17,Rp 14.462
2023/02/20,Rp 12.027
2023/02/21,Rp 14.564
2023/02/22,Rp 14.568
2023/02/23,Rp 14.568
2023/02/24,Rp 14.582
2023/02/27,Rp 12.036
2023/02/28,Rp 14.591
2023/03/02,Rp 14.582
2023/03/03,Rp 14.582
2023/03/04,Rp 14.582
2023/03/05,Rp 14.582
2023/03/06,Rp 14.632
2023/03/07,Rp 14.641
2023/03/08,Rp 14.641
2023/03/09,Rp 14.645
2023/03/10,Rp 14.655
2023/03/11,Rp 14.655
2023/03/12,Rp 14.655
2023/03/13,Rp 14.655
2023/03/14,Rp 14.655
2023/03/15,Rp 14.641
2023/03/16,Rp 14.655
2023/03/17,Rp 14.682
2023/03/18,Rp 14.682
2023/03/20,Rp 12.118
2023/03/21,Rp 14.682
2023/03/22,Rp 14.227
2023/03/23,Rp 14.262
2023/03/24,Rp 13.925
2023/03/27,Rp 12.159
2023/03/28,Rp 14.741
2023/03/29,Rp 14.759
2023/03/30,Rp 14.800
2023/03/31,Rp 14.768
2023/04/01,Rp 14.768
2023/04/02,Rp 14.768
2023/04/03,Rp 14.791
2023/04/04,Rp 14.777
2023/04/05,Rp 14.782
2023/04/06,Rp 14.777
2023/04/07,Rp 14.114
2023/04/08,Rp 14.114
2023/04/09,Rp 14.114
2023/04/10,Rp 13.491
2023/04/11,Rp 13.482
2023/04/12,Rp 13.532
2023/04/13,Rp 13.482
2023/04/14,Rp 13.482
2023/04/15,Rp 13.482
2023/04/17,Rp 12.173
2023/04/18,Rp 14.841
2023/04/19,Rp 14.741
2023/04/20,Rp 14.741
2023/04/21,Rp 14.741
2023/04/22,Rp 12.350
2023/04/23,Rp 12.350
2023/04/24,Rp 12.205
2023/04/25,Rp 14.750
2023/04/26,Rp 13.979
2023/04/27,Rp 13.979
2023/04/28,Rp 13.983
2023/04/29,Rp 13.983
2023/04/30,Rp 13.983
2023/05/02,Rp 13.988
2023/05/03,Rp 13.988
2023/05/04,Rp 13.988
2023/05/05,Rp 13.983
2023/05/06,Rp 13.983
2023/05/07,Rp 13.983
2023/05/08,Rp 13.983
2023/05/09,Rp 13.988
2023/05/10,Rp 13.845
2023/05/12,Rp 13.950
2023/05/13,Rp 13.950
2023/05/14,Rp 13.950
2023/05/15,Rp 13.955
2023/05/16,Rp 13.955
2023/05/17,Rp 13.996
2023/05/18,Rp 14.471
2023/05/19,Rp 14.008
2023/05/22,Rp 12.164
2023/05/23,Rp 14.955
2023/05/25,Rp 14.968
2023/05/26,Rp 14.991
2023/05/27,Rp 14.991
2023/05/28,Rp 14.991
2023/05/29,Rp 15.005
2023/05/30,Rp 15.045
2023/05/31,Rp 15.068
2023/06/01,Rp 15.059
2023/06/02,Rp 15.068
2023/06/03,Rp 15.068
2023/06/04,Rp 15.068
2023/06/05,Rp 14.650
2023/06/06,Rp 14.625
2023/06/07,Rp 14.638
2023/06/08,Rp 14.646
2023/06/09,Rp 14.646
2023/06/10,Rp 15.077
2023/06/11,Rp 14.100
2023/06/12,Rp 12.164
2023/06/13,Rp 15.086
2023/06/14,Rp 15.091
2023/06/15,Rp 15.095
2023/06/16,Rp 15.091
2023/06/17,Rp 15.091
2023/06/19,Rp 12.150
2023/06/20,Rp 15.123
2023/06/21,Rp 15.136
2023/06/22,Rp 15.141
2023/06/23,Rp 15.145
2023/06/26,Rp 12.155
2023/06/27,Rp 15.150
2023/06/28,Rp 15.150
2023/06/29,Rp 15.177
2023/06/30,Rp 15.327
2023/07/02,Rp 15.327
2023/07/03,Rp 14.717
2023/07/04,Rp 14.717
2023/07/05,Rp 14.717
2023/07/06,Rp 14.712
2023/07/07,Rp 14.708
2023/07/08,Rp 14.708
2023/07/09,Rp 14.708
2023/07/10,Rp 14.704
2023/07/11,Rp 14.700
2023/07/12,Rp 14.704
2023/07/13,Rp 14.708
2023/07/14,Rp 15.054
2023/07/17,Rp 12.177
2023/07/18,Rp 15.062
2023/07/19,Rp 14.841
2023/07/20,Rp 14.029
2023/07/21,Rp 13.977
2023/07/22,Rp 13.977
2023/07/23,Rp 13.977
2023/07/24,Rp 13.968
2023/07/25,Rp 13.973
2023/07/26,Rp 13.977
2023/07/27,Rp 13.977
2023/07/28,Rp 13.973
2023/07/29,Rp 13.973
2023/07/30,Rp 13.973
2023/07/31,Rp 13.995
2023/08/01,Rp 14.000
2023/08/02,Rp 13.955
2023/08/03,Rp 13.955
2023/08/04,Rp 13.945
2023/08/07,Rp 12.209
2023/08/09,Rp 15.045
2023/08/10,Rp 15.045
2023/08/11,Rp 15.055
2023/08/12,Rp 15.055
2023/08/13,Rp 15.055
2023/08/14,Rp 15.055
2023/08/15,Rp 15.059
2023/08/16,Rp 15.059
2023/08/17,Rp 15.195
2023/08/18,Rp 14.377
2023/08/21,Rp 12.373
2023/08/22,Rp 15.095
2023/08/23,Rp 15.091
2023/08/24,Rp 15.091
2023/08/25,Rp 15.109
2023/08/26,Rp 15.109
2023/08/27,Rp 15.109
2023/08/28,Rp 15.114
2023/08/29,Rp 15.141
2023/08/30,Rp 15.127
2023/08/31,Rp 15.168
2023/09/01,Rp 15.177
2023/09/02,Rp 15.177
2023/09/03,Rp 15.177
2023/09/04,Rp 15.250
2023/09/05,Rp 15.277
2023/09/06,Rp 15.291
2023/09/07,Rp 15.305
2023/09/08,Rp 15.318
2023/09/09,Rp 15.318
2023/09/10,Rp 15.318
2023/09/11,Rp 15.350
2023/09/12,Rp 15.391
2023/09/13,Rp 15.409
2023/09/14,Rp 15.441
2023/09/15,Rp 15.468
2023/09/18,Rp 13.055
2023/09/19,Rp 15.482
2023/09/20,Rp 15.500
2023/09/21,Rp 15.500
2023/09/22,Rp 15.573
2023/09/25,Rp 13.255
2023/09/26,Rp 15.595
2023/09/27,Rp 15.618
2023/09/28,Rp 15.691
2023/09/29,Rp 14.888
2023/09/30,Rp 14.888
2023/10/02,Rp 14.854
2023/10/03,Rp 14.875
2023/10/04,Rp 14.888
2023/10/05,Rp 14.904
2023/10/06,Rp 14.904
2023/10/07,Rp 14.904
2023/10/08,Rp 14.904
2023/10/09,Rp 14.908
2023/10/10,Rp 14.929
2023/10/11,Rp 14.886
2023/10/12,Rp 14.891
2023/10/13,Rp 14.877
2023/10/14,Rp 14.877
2023/10/15,Rp 14.877
2023/10/16,Rp 14.923
2023/10/17,Rp 14.927
2023/10/18,Rp 14.959
2023/10/19,Rp 14.973
2023/10/20,Rp 14.968
2023/10/21,Rp 14.968
2023/10/22,Rp 14.968
2023/10/23,Rp 15.005
2023/10/24,Rp 15.009
2023/10/25,Rp 15.009
2023/10/26,Rp 15.014
2023/10/27,Rp 15.000
2023/10/28,Rp 15.000
2023/10/29,Rp 15.000
2023/10/30,Rp 15.005
2023/10/31,Rp 15.005
2023/11/01,Rp 14.995
2023/11/02,Rp 14.995
2023/11/03,Rp 15.014
2023/11/06,Rp 13.523
2023/11/07,Rp 15.977
2023/11/08,Rp 15.968
2023/11/09,Rp 15.968
2023/11/10,Rp 15.986
2023/11/11,Rp 15.986
2023/11/12,Rp 15.986
2023/11/13,Rp 15.973
2023/11/14,Rp 15.968
2023/11/15,Rp 15.964
2023/11/16,Rp 15.964
2023/11/17,Rp 15.964
2023/11/18,Rp 15.964
2023/11/19,Rp 15.964
2023/11/20,Rp 15.964
2023/11/21,Rp 15.968
2023/11/22,Rp 15.968
2023/11/23,Rp 15.982
2023/11/24,Rp 15.986
2023/11/27,Rp 13.555
2023/11/28,Rp 15.891
2023/11/29,Rp 16.009
2023/11/30,Rp 15.586
2023/12/02,Rp 15.825
2023/12/03,Rp 15.825
2023/12/04,Rp 15.638
2023/12/05,Rp 15.638
2023/12/06,Rp 16.050
2023/12/07,Rp 15.945
2023/12/08,Rp 16.077
2023/12/09,Rp 16.077
2023/12/10,Rp 16.077
2023/12/11,Rp 16.073
2023/12/12,Rp 16.073
2023/12/13,Rp 15.986
2023/12/14,Rp 15.532
2023/12/15,Rp 15.717
2023/12/16,Rp 15.717
2023/12/17,Rp 15.717
2023/12/18,Rp 15.912
2023/12/19,Rp 15.712
2023/12/20,Rp 15.712
2023/12/21,Rp 15.991
2023/12/22,Rp 15.995
2023/12/23,Rp 15.995
2023/12/24,Rp 15.995
2023/12/25,Rp 13.760
2023/12/26,Rp 13.767
2023/12/27,Rp 13.568
2023/12/28,Rp 16.095
2023/12/29,Rp 15.991
2023/12/30,Rp 15.991
2023/12/31,Rp 15.991
2024/01/01,Rp 15.523
2024/01/02,Rp 14.596
2024/01/03,Rp 14.596
2024/01/04,Rp 14.592
2024/01/05,Rp 14.608
2024/01/06,Rp 14.608
2024/01/07,Rp 14.608
2024/01/08,Rp 14.588
2024/01/09,Rp 14.600
2024/01/10,Rp 14.633
2024/01/11,Rp 14.625
2024/01/12,Rp 14.612
2024/01/13,Rp 14.612
2024/01/14,Rp 14.612
2024/01/15,Rp 14.662
2024/01/16,Rp 14.667
2024/01/17,Rp 14.675
2024/01/18,Rp 14.675
2024/01/19,Rp 14.683
2024/01/20,Rp 14.683
2024/01/21,Rp 14.683
2024/01/22,Rp 14.717
2024/01/23,Rp 14.729
2024/01/24,Rp 14.717
2024/01/25,Rp 14.725
2024/01/26,Rp 14.725
2024/01/27,Rp 14.725
2024/01/28,Rp 14.725
2024/01/29,Rp 14.792
2024/01/30,Rp 14.829
2024/01/31,Rp 14.858
2024/02/01,Rp 14.875
2024/02/02,Rp 14.933
2024/02/03,Rp 16.241
2024/02/04,Rp 16.241
2024/02/05,Rp 16.309
2024/02/06,Rp 16.318
2024/02/07,Rp 16.327
2024/02/08,Rp 16.041
2024/02/09,Rp 16.305
2024/02/10,Rp 16.305
2024/02/11,Rp 16.305
2024/02/12,Rp 16.145
2024/02/13,Rp 16.241
2024/02/14,Rp 16.459
2024/02/15,Rp 15.955
2024/02/16,Rp 15.968
2024/02/17,Rp 15.968
2024/02/18,Rp 15.968
2024/02/19,Rp 16.009
2024/02/20,Rp 16.141
2024/02/21,Rp 16.155
2024/02/22,Rp 16.218
2024/02/23,Rp 16.227
2024/02/24,Rp 16.227
2024/02/26,Rp 16.982
2024/02/27,Rp 17.086
2024/02/28,Rp 17.136
2024/02/29,Rp 17.173
2024/03/01,Rp 17.195
2024/03/02,Rp 17.195
2024/03/03,Rp 17.195
2024/03/04,Rp 17.268
2024/03/05,Rp 17.305
2024/03/06,Rp 17.318
2024/03/07,Rp 17.273
2024/03/08,Rp 17.273
2024/03/09,Rp 17.273
2024/03/10,Rp 17.273
2024/03/11,Rp 17.273
2024/03/12,Rp 17.273
2024/03/13,Rp 17.327
2024/03/14,Rp 17.314
2024/03/15,Rp 17.327
2024/03/16,Rp 17.327
2024/03/17,Rp 17.327
2024/03/18,Rp 17.336
2024/03/19,Rp 17.345
2024/03/20,Rp 17.345
2024/03/21,Rp 17.264
2024/03/22,Rp 17.332
2024/03/23,Rp 17.332
2024/03/24,Rp 17.332
2024/03/25,Rp 17.300
2024/03/26,Rp 17.205
2024/03/27,Rp 17.277
2024/03/28,Rp 17.241
2024/03/29,Rp 17.241
2024/03/30,Rp 17.241
2024/03/31,Rp 17.241
2024/04/01,Rp 16.591
2024/04/02,Rp 16.555
2024/04/03,Rp 16.559
2024/04/04,Rp 16.545
2024/04/05,Rp 16.536
2024/04/06,Rp 16.536
2024/04/07,Rp 17.182
2024/04/08,Rp 17.236
2024/04/09,Rp 17.236
2024/04/10,Rp 17.255
2024/04/11,Rp 17.236
2024/04/12,Rp 17.236
2024/04/15,Rp 14.382
2024/04/16,Rp 17.155
2024/04/17,Rp 17.145
2024/04/18,Rp 17.136
2024/04/19,Rp 17.118
2024/04/22,Rp 14.268
2024/04/23,Rp 17.105
2024/04/24,Rp 17.077
2024/04/25,Rp 16.732
2024/04/26,Rp 16.741
2024/04/27,Rp 16.741
2024/04/28,Rp 16.741
2024/04/29,Rp 16.768
2024/04/30,Rp 16.750
2024/05/02,Rp 16.983
2024/05/03,Rp 16.958
2024/05/04,Rp 16.958
2024/05/05,Rp 16.958
2024/05/06,Rp 17.008
2024/05/07,Rp 16.979
2024/05/08,Rp 16.971
2024/05/09,Rp 17.032
2024/05/10,Rp 17.027
2024/05/11,Rp 17.027
2024/05/12,Rp 17.027
2024/05/13,Rp 16.468
2024/05/14,Rp 16.482
2024/05/15,Rp 16.491
2024/05/16,Rp 16.464
2024/05/17,Rp 16.464
2024/05/20,Rp 14.059
2024/05/21,Rp 17.086
2024/05/22,Rp 17.086
2024/05/23,Rp 17.064
2024/05/24,Rp 17.064
2024/05/27,Rp 13.995
2024/05/28,Rp 17.041
2024/05/29,Rp 17.036
2024/05/30,Rp 17.041
2024/05/31,Rp 17.050
2024/06/01,Rp 17.050
2024/06/02,Rp 17.050
2024/06/03,Rp 17.036
2024/06/04,Rp 16.977
2024/06/05,Rp 17.041
2024/06/06,Rp 16.933
2024/06/07,Rp 16.933
2024/06/08,Rp 16.933
2024/06/09,Rp 16.933
2024/06/10,Rp 16.879
2024/06/11,Rp 16.933
2024/06/12,Rp 16.933
2024/06/13,Rp 16.864
2024/06/14,Rp 16.441
2024/06/15,Rp 16.633
2024/06/16,Rp 16.633
2024/06/17,Rp 16.923
2024/06/18,Rp 16.432
2024/06/19,Rp 16.245
2024/06/20,Rp 16.218
2024/06/21,Rp 16.295
2024/06/22,Rp 16.295
2024/06/23,Rp 16.295
2024/06/24,Rp 16.495
2024/06/25,Rp 16.312
2024/06/26,Rp 16.223
2024/06/27,Rp 16.282
2024/06/28,Rp 16.218
2024/06/29,Rp 16.218
2024/06/30,Rp 16.218
2024/07/02,Rp 16.209
2024/07/03,Rp 16.223
2024/07/04,Rp 16.364
2024/07/05,Rp 16.321
2024/07/06,Rp 16.321
2024/07/07,Rp 16.321
2024/07/08,Rp 16.288
2024/07/09,Rp 16.471
2024/07/10,Rp 16.467
2024/07/11,Rp 16.250
2024/07/12,Rp 16.955
2024/07/13,Rp 16.955
2024/07/14,Rp 16.955
2024/07/15,Rp 16.959
2024/07/16,Rp 16.955
2024/07/17,Rp 16.914
2024/07/18,Rp 16.818
2024/07/19,Rp 16.846
2024/07/20,Rp 16.846
2024/07/21,Rp 16.846
2024/07/22,Rp 16.891
2024/07/23,Rp 16.850
2024/07/24,Rp 16.850
2024/07/25,Rp 16.842
2024/07/26,Rp 16.955
2024/07/27,Rp 16.955
2024/07/28,Rp 16.955
2024/07/29,Rp 16.968
2024/07/30,Rp 16.968
2024/07/31,Rp 16.968
2024/08/01,Rp 17.036
2024/08/02,Rp 16.950
2024/08/03,Rp 16.950
2024/08/04,Rp 16.950
2024/08/05,Rp 16.850
2024/08/06,Rp 16.896
2024/08/07,Rp 16.838
2024/08/08,Rp 16.850
2024/08/09,Rp 16.859
2024/08/10,Rp 16.859
2024/08/11,Rp 16.859
2024/08/12,Rp 16.833
2024/08/13,Rp 16.841
2024/08/14,Rp 16.891
2024/08/15,Rp 16.873
2024/08/16,Rp 16.829
2024/08/17,Rp 16.829
2024/08/18,Rp 16.829
2024/08/19,Rp 16.791
2024/08/20,Rp 16.927
2024/08/21,Rp 16.759
2024/08/22,Rp 16.918
2024/08/23,Rp 16.538
2024/08/24,Rp 14.150
2024/08/26,Rp 14.064
2024/08/27,Rp 16.977
2024/08/28,Rp 16.777
2024/08/29,Rp 16.818
2024/08/30,Rp 16.842
2024/08/31,Rp 16.842
2024/09/01,Rp 16.959
2024/09/02,Rp 16.786
2024/09/03,Rp 16.973
2024/09/04,Rp 16.838
2024/09/05,Rp 16.850
2024/09/06,Rp 16.825
2024/09/07,Rp 16.825
2024/09/08,Rp 16.825
2024/09/09,Rp 16.821
2024/09/10,Rp 16.936
2024/09/11,Rp 16.850
2024/09/12,Rp 16.821
2024/09/13,Rp 16.821
2024/09/14,Rp 16.821
2024/09/15,Rp 16.821
2024/09/16,Rp 16.241
2024/09/17,Rp 15.536
2024/09/18,Rp 15.532
2024/09/19,Rp 15.532
2024/09/20,Rp 15.532
2024/09/21,Rp 15.532
2024/09/22,Rp 15.532
2024/09/23,Rp 15.559
2024/09/24,Rp 15.527
2024/09/25,Rp 15.527
2024/09/26,Rp 15.527
2024/09/27,Rp 15.527
2024/09/28,Rp 15.527
2024/09/29,Rp 15.527
2024/09/30,Rp 15.518
2024/10/02,Rp 15.527
2024/10/03,Rp 15.514
2024/10/04,Rp 15.527
2024/10/05,Rp 15.527
2024/10/06,Rp 15.527
2024/10/07,Rp 15.532
2024/10/08,Rp 15.536
2024/10/09,Rp 16.873
2024/10/10,Rp 16.623
2024/10/11,Rp 16.767
2024/10/12,Rp 16.767
2024/10/13,Rp 16.767
2024/10/14,Rp 16.729
2024/10/15,Rp 16.895
2024/10/16,Rp 16.708
2024/10/17,Rp 16.782
2024/10/18,Rp 16.729
2024/10/19,Rp 16.729
2024/10/20,Rp 16.729
2024/10/21,Rp 16.779
2024/10/22,Rp 16.768
2024/10/23,Rp 16.738
2024/10/24,Rp 16.714
2024/10/25,Rp 16.738
2024/10/26,Rp 16.738
2024/10/27,Rp 16.738
2024/10/28,Rp 16.712
2024/10/29,Rp 16.738
2024/10/30,Rp 16.814
2024/10/31,Rp 16.704
2024/11/01,Rp 16.675
2024/11/02,Rp 16.675
2024/11/03,Rp 16.675
2024/11/04,Rp 16.667
2024/11/05,Rp 16.662
2024/11/06,Rp 16.768
2024/11/07,Rp 16.679
2024/11/08,Rp 16.559
2024/11/09,Rp 16.559
2024/11/10,Rp 16.559
2024/11/11,Rp 16.462
2024/11/12,Rp 16.442
2024/11/13,Rp 16.646
2024/11/14,Rp 16.454
2024/11/15,Rp 16.500
2024/11/16,Rp 16.832
2024/11/17,Rp 16.832
2024/11/18,Rp 16.673
2024/11/19,Rp 16.605
2024/11/20,Rp 16.282
2024/11/21,Rp 16.450
2024/11/22,Rp 16.450
2024/11/23,Rp 16.450
2024/11/24,Rp 16.450
2024/11/25,Rp 16.514
2024/11/26,Rp 16.421
2024/11/27,Rp 15.905
2024/11/28,Rp 15.218
2024/11/29,Rp 15.223
2024/11/30,Rp 15.223
2024/12/02,Rp 15.245
2024/12/03,Rp 15.227
2024/12/04,Rp 15.227
2024/12/05,Rp 15.227
2024/12/06,Rp 15.245
2024/12/07,Rp 15.245
2024/12/08,Rp 15.245
2024/12/09,Rp 15.255
2024/12/10,Rp 15.264
2024/12/11,Rp 15.264
2024/12/12,Rp 15.245
2024/12/13,Rp 15.255
2024/12/14,Rp 15.255
2024/12/15,Rp 15.255
2024/12/16,Rp 15.325
2024/12/17,Rp 15.259
2024/12/18,Rp 15.373
2024/12/19,Rp 15.321
2024/12/20,Rp 15.250
2024/12/21,Rp 15.250
2024/12/22,Rp 15.250
2024/12/23,Rp 15.250
2024/12/24,Rp 15.250
2024/12/25,Rp 15.425
2024/12/26,Rp 15.425
2024/12/27,Rp 15.321
2024/12/28,Rp 15.321
2024/12/29,Rp 15.321
2024/12/30,Rp 15.325
2024/12/31,Rp 15.325
2025/01/01,Rp 15.533
2025/01/02,Rp 15.333
2025/01/03,Rp 15.329
2025/01/04,Rp 15.329
2025/01/05,Rp 15.329
2025/01/06,Rp 15.346
2025/01/07,Rp 15.371
2025/01/08,Rp 15.383
2025/01/09,Rp 15.371
2025/01/10,Rp 15.371
2025/01/11,Rp 15.423
2025/01/12,Rp 15.423
2025/01/13,Rp 15.423
2025/01/14,Rp 15.423
2025/01/15,Rp 15.423
2025/01/16,Rp 15.423
2025/01/17,Rp 15.441
2025/01/20,Rp 14.009
2025/01/21,Rp 16.645
2025/01/22,Rp 16.627
2025/01/23,Rp 16.627
2025/01/24,Rp 16.627
2025/01/27,Rp 14.018
2025/01/28,Rp 16.386
2025/01/29,Rp 16.386
2025/01/30,Rp 16.379
2025/01/31,Rp 16.379
2025/02/01,Rp 16.627
2025/02/02,Rp 16.627
2025/02/03,Rp 16.582
2025/02/04,Rp 16.618
2025/02/05,Rp 16.623
2025/02/06,Rp 16.614
2025/02/07,Rp 16.464
2025/02/08,Rp 16.464
2025/02/09,Rp 16.464
2025/02/10,Rp 16.538
2025/02/11,Rp 15.932
2025/02/12,Rp 15.423
2025/02/13,Rp 15.459
2025/02/14,Rp 15.427
2025/02/15,Rp 15.427
2025/02/16,Rp 15.427
2025/02/17,Rp 15.450
2025/02/18,Rp 15.586
2025/02/19,Rp 15.477
2025/02/20,Rp 15.445
2025/02/21,Rp 15.582
2025/02/22,Rp 15.582
2025/02/23,Rp 15.582
2025/02/24,Rp 15.391
2025/02/25,Rp 15.445
2025/02/26,Rp 16.527
2025/02/27,Rp 16.550
2025/02/28,Rp 16.518
2025/03/02,Rp 16.518
2025/03/03,Rp 16.550
2025/03/04,Rp 16.546
2025/03/05,Rp 16.525
2025/03/06,Rp 16.550
2025/03/07,Rp 16.558
2025/03/08,Rp 16.558
2025/03/09,Rp 16.558
2025/03/10,Rp 16.627
2025/03/11,Rp 16.514
2025/03/12,Rp 16.614
2025/03/13,Rp 16.568
2025/03/14,Rp 16.418
2025/03/15,Rp 16.418
2025/03/16,Rp 16.418
2025/03/17,Rp 16.379
2025/03/18,Rp 16.362
2025/03/19,Rp 16.362
2025/03/20,Rp 16.446
2025/03/21,Rp 16.429
2025/03/22,Rp 16.429
2025/03/23,Rp 16.429
2025/03/24,Rp 16.438
2025/03/25,Rp 16.438
2025/03/26,Rp 16.442
2025/03/27,Rp 16.562
2025/03/28,Rp 16.427
2025/03/29,Rp 16.427
2025/03/30,Rp 16.427
2025/03/31,Rp 16.373
2025/04/01,Rp 16.373
2025/04/02,Rp 16.382
2025/04/03,Rp 16.382
2025/04/04,Rp 16.382
2025/04/05,Rp 16.382
2025/04/06,Rp 16.382
2025/04/07,Rp 16.386
2025/04/08,Rp 16.454
2025/04/09,Rp 16.450
2025/04/10,Rp 16.421
2025/04/11,Rp 16.550
2025/04/12,Rp 16.550
2025/04/13,Rp 16.655
2025/04/14,Rp 16.658
2025/04/15,Rp 16.658
2025/04/16,Rp 16.655
2025/04/17,Rp 16.692
2025/04/18,Rp 16.445
2025/04/19,Rp 16.445
2025/04/20,Rp 16.445
2025/04/21,Rp 16.238
2025/04/22,Rp 16.238
2025/04/23,Rp 16.159
2025/04/24,Rp 16.164
2025/04/25,Rp 16.159
2025/04/26,Rp 16.159
2025/04/27,Rp 16.159
2025/04/28,Rp 16.150
2025/04/29,Rp 16.155
2025/04/30,Rp 16.159
